Word,Frequency
herdsmen,1314
fulani,573
people,204
nigeria,193
haram,174
benue,150
bandits,132
killing,115
terrorists,100
terrorist,99
killer,96
killed,89
buhari,88
government,73
state,71
nigerians,59
suspected,58
party,57
attack,56
labour,55
chairman,54
farmers,53
country,48
police,48
nigerian,43
north,43
never,42
president,41
iswap,41
armed,40
kaduna,40
bokoharam,39
community,38
southern,37
still,37
sudan,36
christians,36
security,35
murder,34
t,34
attacks,34
killings,34
yoruba,33
years,32
a,31
kidnappers,30
always,29
others,29
think,28
nothing,27
the,27
trace,27
northern,27
communities,26
tinubu,25
pastor,25
igbos,25
gunmen,24
daily,24
innocent,24
unknown,24
military,24
called,24
south,23
middle,23
slaughter,22
bandit,22
problem,22
every,21
going,21
happening,21
farmer,21
would,21
continue,20
kidnapping,20
please,20
political,20
citizens,20
they,19
indigenous,19
i,19
niger,19
're,19
terrorism,18
first,18
right,18
can,18
group,18
since,17
attacked,17
brother,17
and,17
arrested,17
itx99s,17
criminals,17
you,17
islamic,17
media,17
world,16
election,16
residents,16
leave,16
cattle,16
kills,16
hands,16
thing,15
o,15
rescue,15
arrest,15
soldier,15
start,15
lives,15
killers,15
insecurity,15
eight,15
brothers,15
banditry,15
not,15
crisis,14
better,14
support,14
children,13
general,13
allah,13
extremists,13
politicians,13
herd,13
worst,13
suffer,13
injure,13
ortom,13
finish,13
herds,13
local,13
murdered,13
enter,13
to,13
human,12
poverty,12
happened,12
invade,12
oluomo,12
northerners,12
he,12
f,12
another,12
anything,12
actually,12
manner,12
protect,12
k,12
clash,12
militia,12
plateau,12
amotekun,12
*,12
happen,12
using,12
slaughtered,11
kidnapped,11
herders,11
s,11
biafra,11
afraid,11
sahara,11
force,11
common,11
an,11
marginalization,11
without,11
victims,11
h,11
month,11
villages,11
supporting,11
x98x82,11
money,11
understand,10
jihadist,10
crimes,10
cause,10
kidnap,10
lands,10
heard,10
that,10
calling,10
lagos,10
useless,10
talking,10
entire,10
village,10
states,10
everyday,10
defend,10
region,10
making,10
saying,10
christian,10
c,10
behind,10
enugu,10
don,10
failed,10
someone,10
already,9
trying,9
in,9
naira,9
imagine,9
night,9
leaving,9
business,9
forget,9
nnamdi,9
running,9
within,9
inside,9
taraba,9
brought,9
slaughtering,9
sunday,9
million,9
family,9
w,9
track,9
them,9
school,9
remember,9
adamawa,9
including,9
masquerading,9
of,9
fight,9
national,9
conflict,9
atiku,9
really,9
truth,8
massacre,8
worse,8
freely,8
alarm,8
officers,8
rampage,8
today,8
didn,8
criminal,8
twitter,8
farming,8
women,8
murdering,8
living,8
fighting,8
started,8
april,8
burning,8
reason,8
weeks,8
thought,8
destroyed,8
taken,8
republic,8
e,8
almost,8
asking,8
bring,8
condemn,8
terror,8
nonsense,8
by,8
injured,8
members,8
ix99m,8
picked,8
soldiers,8
around,8
fresh,8
created,7
confirmed,7
umbrella,7
tweet,7
akure,7
means,7
refused,7
following,7
death,7
destroy,7
m,7
peace,7
knows,7
no,7
forest,7
herdsme,7
claims,7
months,7
atrocities,7
homes,7
everything,7
yorubas,7
thugs,7
eastern,7
wrote,7
report,7
meyetti,7
hausa,7
least,7
caught,7
anyone,7
ar,7
question,7
looking,7
on,7
though,7
religious,7
exactly,7
whose,7
thinking,7
energy,7
thousands,7
l,7
committed,7
wrong,7
coming,7
declared,7
seeing,7
matter,7
administration,7
youx99re,7
silent,7
shall,6
break,6
different,6
operation,6
number,6
is,6
truly,6
weapons,6
wonder,6
sudanese,6
for,6
shame,6
breeders,6
delta,6
difference,6
from,6
economy,6
leaders,6
are,6
fulanis,6
countries,6
become,6
n,6
sponsored,6
peaceful,6
everywhere,6
rather,6
river,6
d,6
caused,6
nige,6
ransom,6
kinsmen,6
allow,6
allowed,6
millions,6
haven,6
catch,6
guess,6
place,6
aware,6
mention,6
instead,6
elections,6
worry,6
problems,6
yesterday,6
but,6
invaders,6
rights,6
r,6
spent,6
terrorizing,6
nigeriansnfulani,6
tribal,6
countryx99s,6
incessant,6
walking,6
activities,6
carry,6
doanything,6
presidency,6
known,6
murderous,6
yearold,6
northeast,6
reporters,6
muslim,6
x93,6
anybody,6
watched,6
create,6
nation,6
biafrans,5
destroying,5
ha,5
go,5
funny,5
threat,5
bridges,5
build,5
her,5
system,5
herdsm,5
u,5
marauding,5
what,5
condemned,5
livestock,5
there,5
here,5
peo,5
unchallenged,5
concern,5
ochoche,5
blind,5
ethnic,5
farmlands,5
nigeriajust,5
hypocrite,5
influx,5
immigration,5
agbero,5
times,5
fulan,5
about,5
imported,5
freedom,5
anywhere,5
great,5
several,5
spring,5
witches,5
breaking,5
crime,5
father,5
locate,5
alone,5
corrupt,5
answer,5
politics,5
court,5
herdsmenx99s,5
names,5
wetin,5
their,5
visit,5
touch,5
commander,5
especially,5
olorunfemi,5
grave,5
story,5
comes,5
$,5
whole,5
include,5
hunger,5
social,5
compare,5
y'all,5
propaganda,5
council,5
olaoluwa,5
deadly,5
x98x82x98x82x98x82,5
voted,5
federal,5
asked,5
takes,5
x98x82x98x82,5
we,5
protecting,5
invading,5
forces,5
purpose,5
y,5
person,5
officer,5
backyard,5
unable,5
genocide,5
close,5
economic,5
invasion,5
could,5
blood,5
massive,5
agooyinbo,5
janjaweed,5
sponsors,5
reserve,5
control,5
defending,5
blame,5
re,5
member,5
herdsman,4
reach,4
kille,4
presidential,4
edikwu,4
calls,4
moving,4
supported,4
level,4
playing,4
dealt,4
traced,4
tenure,4
forgive,4
inherited,4
trade,4
recent,4
history,4
reportedly,4
small,4
chapter,4
pe,4
forgot,4
naija,4
information,4
indeed,4
codenamed,4
thatx99s,4
involved,4
at,4
everyone,4
governors,4
blaming,4
sisters,4
simon,4
bo,4
disturb,4
office,4
monday,4
mentioned,4
america,4
clashes,4
center,4
all,4
respect,4
sense,4
defeat,4
raped,4
rufai,4
recover,4
transfer,4
definitely,4
youths,4
this,4
seems,4
attacking,4
arming,4
opaha,4
carnage,4
spade,4
hypocrites,4
population,4
field,4
pastures,4
crises,4
friend,4
tuesday,4
when,4
quite,4
animals,4
serious,4
currently,4
identify,4
publicly,4
enough,4
complain,4
responsible,4
merely,4
adamu,4
actors,4
terrorising,4
found,4
with,4
tha,4
involve,4
st,4
power,4
mother,4
account,4
russia,4
've,4
it,4
havoc,4
inflation,4
needs,4
illegal,4
morning,4
ordinary,4
herdsmenhe,4
mouth,4
fula,4
farms,4
gutter,4
choose,4
thanks,4
share,4
carrying,4
disguising,4
collect,4
became,4
journalism,4
remembered,4
huriwa,4
woman,4
leader,4
missing,4
religion,4
ikonso,4
properties,4
church,4
among,4
across,4
bloody,4
yo,4
peacekeeping,4
action,4
numbers,4
legacy,4
return,4
predominantly,4
grass,4
baron,4
te,4
claiming,4
wounded,4
worried,3
speaking,3
borno,3
provided,3
quiet,3
herdsmenlease,3
threats,3
killin,3
deeper,3
governance,3
be,3
partyxa0chairman,3
hours,3
technology,3
x9cthe,3
x8f,3
fiftyyearold,3
failure,3
believe,3
search,3
spate,3
picking,3
kil,3
daughter,3
invested,3
blessed,3
controlled,3
nigeriansfulani,3
elements,3
fishermen,3
willingly,3
peter,3
shettima,3
anambra,3
bragging,3
bushes,3
course,3
rising,3
islamist,3
selfish,3
kebbi,3
appeal,3
african,3
muscles,3
fighters,3
igbo,3
beautiful,3
has,3
evening,3
happy,3
inxa0benue,3
impunity,3
issues,3
ne,3
language,3
wahala,3
interesting,3
waiting,3
writers,3
unleashed,3
association,3
muhammadu,3
arewa,3
sworn,3
families,3
troops,3
billions,3
animal,3
sophisticated,3
politically,3
worries,3
herdsmenhey,3
confirms,3
wanted,3
noise,3
reporting,3
agents,3
probably,3
zamfara,3
light,3
villagers,3
infrastructure,3
'll,3
peoples,3
situation,3
wi,3
alleged,3
envelope,3
everybody,3
brown,3
mostly,3
position,3
culture,3
raise,3
x9cherdsmenx9d,3
rest,3
evidence,3
cried,3
call,3
shout,3
unfortunate,3
commit,3
charge,3
theyx99ve,3
stupid,3
assassination,3
majority,3
something,3
time,3
terro,3
tackle,3
record,3
stated,3
abduction,3
class,3
issue,3
samuel,3
sometimes,3
tagged,3
checked,3
operatives,3
mourners,3
regime,3
expect,3
crowwe,3
sponso,3
chase,3
scared,3
similar,3
gowon,3
remaining,3
result,3
insurgents,3
release,3
cultists,3
theyx99re,3
grazing,3
point,3
correct,3
tin,3
masters,3
dying,3
access,3
entity,3
suffered,3
x87xacx87xa7/,3
mrathaniel,3
protesters,3
spreading,3
jihad,3
deborah,3
either,3
nonstate,3
agbado,3
whenever,3
victim,3
whatever,3
will,3
statement,3
assassins,3
nasarawa,3
worked,3
waging,3
osama,3
dangerous,3
tribe,3
guinea,3
labor,3
nigeri,3
whereas,3
citizen,3
birth,3
co,3
identified,3
enjoy,3
repel,3
britain,3
protected,3
census,3
young,3
listen,3
ancestral,3
actions,3
things,3
wearing,3
morningstar,3
transformation,3
doubt,3
displaced,3
development,3
major,3
working,3
learn,3
do,3
international,3
lekki,3
multidimensional,3
sokoto,3
saved,3
g,3
public,3
governor,3
wizard,3
now,3
troll,3
agriculture,3
meanwhile,3
special,3
de,3
brutallally,3
presido,3
statements,3
invaded,3
unrest,3
sponsor,3
wednesday,3
uniform,3
foolani,3
who,3
blackmail,3
drive,3
uniforms,3
romancing,3
p,3
welcome,3
claim,3
civil,3
africa,3
basis,3
remove,3
watch,3
journalist,3
hara,3
tells,3
ready,3
claimed,3
finally,3
meant,3
actively,3
bigot,3
massacred,3
crying,3
giving,3
have,3
added,3
watching,3
boko,3
corruption,3
organised,3
prayer,3
whirl,3
reality,3
stroke,3
declare,3
established,3
borders,3
beans,3
fellow,3
powers,3
clearly,3
related,3
autonomous,3
don't,3
despite,3
agencies,3
houses,3
assault,3
one,3
sector,3
kazak,3
china,3
policies,2
stood,2
zoological,2
does,2
richest,2
change,2
herdsmenboko,2
deployment,2
brutal,2
outlawed,2
pursue,2
army,2
x98x82x98x82x98x82x98x82x98x82,2
careful,2
diaspora,2
janjaweeds,2
buharix99s,2
offender,2
reg,2
levels,2
twisted,2
mightiest,2
gaggle,2
godx99s,2
ragtag,2
finished,2
available,2
check,2
function,2
abandon,2
brain,2
challenging,2
madness,2
esnhe,2
occupying,2
officially,2
sp,2
sacking,2
did,2
travel,2
thank,2
husband,2
tinunbus,2
cover,2
down,2
narrative,2
repor,2
sec,2
example,2
deceiving,2
knowledge,2
ki,2
x9cpeter,2
chasing,2
pandering,2
conclusion,2
usually,2
thompson,2
learning,2
reported,2
master,2
chinasa,2
speech,2
chibok,2
wiped,2
heartless,2
meaning,2
network,2
clown,2
minister,2
loved,2
clueless,2
devastated,2
aspect,2
hardship,2
farmersxc3xa2,2
camps,2
official,2
sneak,2
constantly,2
jonah,2
atxa0powerline,2
order,2
telling,2
reasons,2
silly,2
fa,2
channel,2
beating,2
british,2
sa,2
ashame,2
incoming,2
jonathan,2
nationalities,2
minority,2
fatalities,2
invadershen,2
stuff,2
subjected,2
stooges,2
stooge,2
minds,2
danjuma,2
compromised,2
proven,2
mohammed,2
chaos,2
investigation,2
abiding,2
raping,2
out,2
militias,2
herdsmen/bandits,2
teach,2
require,2
repent,2
sambisa,2
tweets,2
accountable,2
capital,2
shoes,2
caliphate,2
avoid,2
gunman,2
c'mon,2
depend,2
afri,2
bi,2
ampisis,2
applying,2
systems,2
sirmy,2
education,2
ndigbooo,2
wh,2
financial,2
commits,2
equal,2
contain,2
follow,2
quick,2
named,2
selected,2
helping,2
sounds,2
definition,2
or,2
tears,2
x8cx95,2
sh,2
video,2
parties,2
recently,2
xa2,2
statesman,2
period,2
rubbish,2
stop,2
ak47,2
speak,2
herdsmenyou,2
heinous,2
abduct,2
belt,2
current,2
challenges,2
militants,2
your,2
capacity,2
liegeria,2
dictator,2
raises,2
typed,2
concerns,2
olamide,2
bokoharm,2
communitya,2
herdsmeni,2
managed,2
mothers,2
over,2
more,2
werey,2
japa'ed,2
location,2
persecution,2
swear,2
multiple,2
traveled,2
served,2
punish,2
steal,2
much,2
pasture,2
prepare,2
tracing,2
arres,2
league,2
life,2
games,2
ix99ve,2
gr,2
's,2
visits,2
ma,2
market,2
bless,2
struggle,2
acres,2
controversy,2
lik,2
update,2
strong,2
spend,2
investment,2
nature,2
ev,2
ka,2
repented,2
violent,2
hunting,2
how,2
su,2
barbaric,2
nomadic,2
details,2
strike,2
retweet,2
extra,2
deserve,2
jus,2
owners,2
cleansing,2
genesis,2
campaign,2
scores,2
count,2
expected,2
changed,2
excuse,2
pmb,2
danger,2
indig,2
forgiveness,2
x9axa1xefxb8x8f,2
corpses,2
keyamo,2
festus,2
lafia,2
minute,2
streets,2
chased,2
opurum,2
keffi,2
[,2
],2
specific,2
tribalism,2
express,2
source,2
souls,2
makurdi,2
can't,2
subsidy,2
threaten,2
extremely,2
suffering,2
kidnapper,2
afghanistan,2
decided,2
side,2
planned,2
agree,2
africans,2
was,2
soon,2
hav,2
x87xb3x87xac,2
based,2
picture,2
dirty,2
lokpanta,2
deaths,2
developed,2
zamfarajigawa,2
illiterate,2
electionnly,2
xa1,2
service,2
cap,2
gov,2
edikwun,2
aboki,2
destruction,2
ruling,2
back,2
benuex99s,2
total,2
laugh,2
policemen,2
betty,2
ta,2
demonic,2
supporters,2
given,2
yariba,2
complaining,2
county,2
faith,2
ai,2
fulanization,2
genocidal,2
nathaniel,2
gradually,2
besthey,2
civilians,2
me,2
trial,2
raided,2
passing,2
indigenes,2
best,2
ranting,2
maintain,2
backed,2
protection,2
gathering,2
activity,2
conveniently,2
swallow,2
except,2
achieve,2
land,2
ground,2
wizards,2
space,2
bayelsa,2
xa3agos,2
foreheadson,2
predomin,2
pictures,2
maybe,2
recruited,2
literally,2
freaking,2
farmersherdsmen,2
progress,2
sabotaging,2
removed,2
ancestors,2
proud,2
scarcity,2
benu,2
hundreds,2
oyedepo,2
phoenix,2
fewer,2
impact,2
ashamed,2
prefer,2
study,2
together,2
abandoned,2
quest,2
looks,2
surrender,2
responsibility,2
x98xaaxefxb8x8f,2
singing,2
alive,2
resulted,2
stand,2
x98x86,2
block,2
false,2
response,2
kokona,2
unfortunately,2
three,2
darfur,2
kinda,2
spread,2
countrysidex94,2
xa7xa9,2
images,2
lying,2
google,2
lem,2
getting,2
fulanii,2
nobody,2
happens,2
vigilante,2
write,2
generation,2
abuja,2
ban,2
frying,2
target,2
territories,2
friends,2
benin,2
securing,2
operations,2
achievement,2
areas,2
recovered,2
sacrifice,2
present,2
lovers,2
any,2
sta,2
beyond,2
siege,2
individuals,2
included,2
shepherds,2
former,2
tribes,2
gover,2
misunderstanding,2
forbid,2
other,2
elites,2
connived,2
dieing,2
governments,2
groups,2
fleeing,2
conspiring,2
property,2
anyiin,2
birthed,2
xinjiang,2
amount,2
comment,2
headless,2
daran,2
building,2
committing,2
continues,2
parts,2
beheading,2
taking,2
challenge,2
chicken,2
iortsor,2
robbers,2
precisely,2
egypt,2
obviously,2
ws,2
aside,2
drugs,2
his,2
ab,2
disarm,2
amnesty,2
conscience,2
highly,2
igbobi,2
ternenge,2
valued,2
released,2
opponents,2
let,2
onanuga,2
enemies,2
want,2
tribesmen,2
abi,2
ther,2
battling,2
abdulkadir,2
terms,2
reading,2
turned,2
abdullah,2
punch,2
persons,2
legitimate,2
defeated,2
ignore,2
bia,2
online,2
attrib,2
neither,2
news,2
statistic,2
clear,2
play,2
throat,2
west,2
belts,2
shepherd,2
counted,2
miyetti,2
attorney,2
supports,2
reports,2
sympathizer,2
devil,2
apparently,2
described,2
displacing,2
won,2
budget,2
reduced,2
if,2
scale,2
cyber,2
bully,2
comfortably,2
ampxe2,2
users,2
nevertheless,2
anytime,2
expose,2
shielding,2
occuranceheir,2
dropped,2
un,2
banditrykiller,2
whatx99s,2
realize,2
therex99s,2
garba,2
benuexa0,2
everytime,2
journey,2
heart,2
wants,2
spirits,2
water,2
youou,2
liars,2
uganda,2
violence,2
oponu,2
democracy,2
alerts,2
sincere,2
comprehension,2
year,2
hex99s,2
conflicts,2
incidents,2
xa3na,2
sleeping,2
looting,2
squad,2
frequent,2
humans,2
leadership,2
nuisance,2
le,2
towards,2
operating,2
magnificent,2
mgbede,2
nigeriathey,2
important,2
stopping,2
boys,2
american,2
traffic,2
couple,2
sperm,2
migration,2
ipob/esn,2
disarming,2
x9cfulani,2
isn,2
okonkwo,2
fought,2
enemy,2
causing,2
pardon,2
forms,2
herdsmen/,2
hatred,2
buried,2
band,2
ravaging,2
ghost,2
raised,2
black,2
surat,2
decades,2
butcher,2
cattlecatching,2
collapse,2
defended,2
latest,2
dollar,2
storm,2
churches,2
investigate,2
built,2
street,2
roads,2
allowing,2
se,2
likes,2
wa,2
leading,2
remote,2
connection,2
mean,2
x98x82x98x82x98x9b,1
horseback,1
etive,1
inseparable,1
targeted,1
thatthey,1
scottish,1
abialso,1
herdsmenfulani,1
tourist,1
fake,1
farmershis,1
aut,1
returned,1
iconic,1
impressive,1
techniquesf0x90xb4x90x8e,1
pretending,1
soldiers15,1
murderers,1
sound,1
innocentow,1
hiding,1
marrying,1
colleagues,1
heads,1
cheated,1
hectares,1
photos,1
madnessvacuate,1
barrister,1
numerous,1
peopleherdsmen,1
apapa,1
assassinationhich,1
importing,1
k1lledvictoria,1
mate,1
process,1
buachaille,1
easterners,1
modern,1
attraction,1
yearshat,1
txa3nsixc3x98ns,1
attackndangering,1
fulaniherdsmen,1
cards,1
monopoly,1
reduce,1
x98xadx98xadbut,1
jealous,1
stealing,1
chinedu,1
x87xacx87xa7/fulani,1
terrorized,1
handing,1
herdsmenjust,1
works,1
exemptedwhat,1
compromisedwhen,1
limited,1
nigeriailling,1
eyes,1
herdsmen/jihadists/,1
killingsanything,1
pecks,1
oneou,1
terroristsxa6ey,1
bullets,1
these,1
speaker,1
withif,1
iwuanyanwu,1
museum,1
herefulani,1
x98x8f,1
putin,1
chukwudioruba,1
soldier14,1
numbered,1
bui,1
chairmanut,1
hurried,1
affiliation,1
northernerso,1
etchich,1
glencoeeaning,1
med,1
primitive,1
medline,1
iyanya,1
thinkinghat,1
skillful,1
ipo,1
chude,1
voicemailbubu,1
herdsmenlabour,1
postinor2,1
xb7,1
quoted,1
seaso,1
emirse,1
exceptions,1
bubu,1
peopleok,1
conspired,1
currency,1
imposed,1
killedhe,1
deeply,1
concerned,1
buil,1
shocking,1
grassland,1
cults,1
innocentnthis,1
congress,1
dance,1
blondhey,1
ought,1
suffe,1
ge,1
herdsmendey,1
horse,1
chickens,1
metternich,1
exporting,1
ehnerdsmen,1
outfit,1
laureate,1
herding,1
beginningy,1
latelytx99s,1
separating,1
mocking,1
haphazardly,1
op,1
amp6,1
massburialinsouthernkaduna,1
toxa0,1
despit,1
trust,1
investigators,1
politiciansou,1
themhat,1
damage,1
cryheck,1
tar,1
delusional,1
eightxa0others,1
groupbut,1
stallions,1
securities,1
wazzock,1
crocodile,1
conspecificsxa0,1
roundly,1
rejectedif,1
peopl,1
trivializedheir,1
temporarily,1
x9cfulanix9d,1
smile,1
x9cricex9d,1
immunity,1
benuedailypost,1
nobel,1
sheep,1
groupa,1
catapaultiserable,1
tes,1
flocks,1
boldness,1
iswapherdsmen,1
controll,1
landshey,1
graze,1
snake,1
bac,1
sticks,1
peoplewe,1
drbatierdsmen,1
decrease,1
empowering,1
x92x94why,1
eliminated,1
payment,1
statebenue,1
arrived,1
defencehe,1
youyour,1
readr,1
breakingnherdsmen,1
marry,1
disposition,1
bht/iswap,1
application,1
refer,1
canadahe,1
bokoharamist,1
tyrannical,1
eitherx98x82x98x82x98x82x98x82,1
formerly,1
commissioner,1
umahi,1
altitude,1
insulting,1
ond,1
insanehat,1
neighbors,1
xe1xbbxa4mxe1xbbxa5,1
shown,1
advise,1
ref,1
landn,1
strikes,1
abacha,1
feared,1
ooigbo,1
choice,1
macedonians,1
nahame,1
partyx99s,1
boomerang,1
frequently,1
yaradua,1
tweethe,1
uygur,1
horns,1
reprimand,1
goldberg,1
com,1
homei,1
herder,1
ytday,1
thugsu,1
combatants,1
spiritual,1
xe1xbbx8dhxe1xbbx8ba,1
unless,1
mercy,1
distinguishing,1
vocal,1
anxe1xbbxa5,1
asylum,1
x84he,1
peoplend,1
sought,1
citing,1
sales,1
factor,1
impression,1
prefecture,1
habai,1
wherex99s,1
x9cherdx9dso,1
cautionpeopleburiedon,1
curtailed,1
lastweekendanducannever,1
sayingu,1
allegationthis,1
kidnaped,1
stateilled,1
interested,1
freedompeople,1
businesshatever,1
dealers,1
lea,1
stateay,1
q,1
politicalhis,1
free,1
herdsmencan,1
skye2,1
esr,1
ben,1
encouraged,1
chima,1
pplis,1
distracting,1
refute,1
pla,1
squadsomething,1
adding,1
x92x94x92x94benue,1
txa3rrorists,1
idum,1
researchstill,1
themixa5xefxb8x8fmnk,1
slippers,1
orchestrated,1
reportersconfirming,1
selling,1
uncle,1
emeka,1
igboo,1
flood,1
lagoshe,1
ances,1
wanton,1
otherwise,1
terrorist/,1
attacksread,1
purposely,1
persecutedeven,1
killingdy,1
funnythe,1
strain,1
banditsherdsmen,1
assassinations,1
dominated,1
disease,1
destructions,1
starnews,1
dai,1
argue,1
repelling,1
secondly,1
lawhey,1
bokoharambanditsfulani,1
overrunning,1
anthrax,1
liscensed,1
owned,1
originating,1
unsafe,1
tryin,1
upanddown,1
silenced,1
x98x82x98x82x98x82x98x82xb2,1
disorder,1
x92x94x92x94x92x94,1
assassinationt,1
treate,1
permently,1
disenfranchisment,1
bailedwhen,1
profi,1
pained,1
'bishop,1
osinbanjo,1
'mumu,1
assassin,1
hmmhis,1
honest,1
henchmen,1
herdsmen/boys,1
earl,1
marketing,1
pu,1
banking,1
aviation,1
electricity,1
speard,1
ethnically,1
chances,1
joking,1
thiswhen,1
thousand,1
beheaded,1
apparatus,1
goi,1
organized,1
real,1
noticed,1
libya,1
answered,1
animalsew,1
midnight,1
girls,1
showing,1
newsfulani,1
breasts,1
broth,1
cor,1
iswa,1
joining,1
approach,1
attac,1
gloves,1
regimeecause,1
credit,1
vowed,1
branded,1
growing,1
obsession,1
centered,1
contributed,1
soonontinue,1
hold,1
nigeriaoil,1
herdsmenigboland,1
meeting,1
southwest,1
embolden,1
yorubasthe,1
thisthe,1
evil,1
unl,1
northyoruba,1
complainlet,1
assassinationeave,1
doin,1
statec,1
x9cherdsmen,1
midnighte,1
bauchi,1
reportngf,1
comotf0x94,1
attackeight,1
nicompoopss,1
might,1
motivated,1
communityoday,1
motivatedto,1
texted,1
colleague,1
thingheir,1
accuse,1
witnessed,1
herdsmenother,1
x91x81xefxb8x8fneck,1
super,1
wells,1
overndo,1
biafrahe,1
att,1
swahili,1
herdsmeniswap,1
drastic,1
herdsmenr,1
cattles,1
northdo,1
communitiessince,1
license,1
mostremember,1
wellwe,1
hellhey,1
disgustinghow,1
sara,1
attacksfarmers,1
anyanwu,1
element,1
nigeriae,1
mourning,1
allege,1
islamization,1
domestic,1
herdsmenbanditsbokoharamunk,1
sister,1
align,1
fasoranti,1
nyamirihat,1
verified,1
piece,1
overpriced,1
resumed,1
agreeince,1
biafrawe,1
neve,1
romantically,1
shooters,1
engaging,1
unanwhy,1
gbo,1
sund,1
engage,1
ogun,1
predi,1
ibarapa,1
infested,1
guniea,1
forefeiture,1
gunmenxf0x98x8f,1
heading,1
maladministration,1
misgovernment,1
x9cx89xefxb8x8f,1
cla,1
micro,1
sake,1
flowers,1
mongolian,1
confirming,1
cough,1
keetep,1
declareor,1
reminding,1
wailing,1
slaughterxa0134,1
photo,1
nationaltvorint,1
hearorseeitonanynigeria,1
killi,1
cautions,1
proscribe,1
playstop,1
odeiwu,1
daniel,1
encircled,1
implications,1
brooding,1
nigerianthe,1
hmmm,1
prove,1
wreck,1
ndigbo,1
smaller,1
exploits,1
polical,1
cunningly,1
promisesxe2,1
fulfilment,1
scamhe,1
work,1
xe7xbex8a,1
profilers,1
laidat,1
witch,1
craft,1
regions,1
yearly,1
kidsokoharam,1
x98xb9x98xb9ipob,1
miscreant,1
almanjiri,1
throwey,1
yxc3xa1ng,1
warrior,1
blames,1
mindpc=,1
shift,1
subdue,1
combination,1
resting,1
tollgate,1
agenda,1
doings,1
budgeting,1
islamize,1
knowenue,1
prosperd,1
islame2,1
votes,1
clamouring,1
stewpid,1
mindset,1
justifiable,1
trucks,1
benuethe,1
joi,1
murde,1
friendroonu,1
cutlass,1
directly,1
labbeled,1
supposed,1
~newsn,1
bambiala,1
ronuthe,1
escort,1
cream,1
smells,1
hegoat,1
chxc3xa1,1
bleaching,1
through/,1
lover,1
helicopter,1
airwere,1
pple,1
jxc7x90ng,1
ombatse,1
xc3xb2mxc3xb2,1
xe8xadxe5xaf,1
prefectur,1
guided,1
selfpreservation,1
yua,1
landnyou,1
fulani/apc,1
landot,1
injuring,1
ewepu,1
self,1
boiling,1
flogged,1
tibet,1
becas,1
terroris,1
stevery,1
capita,1
disposable,1
perpetrators,1
invades,1
large,1
income,1
portion,1
nw,1
ohaneze,1
whale,1
1612,1
implication,1
daughterx99s,1
assailants,1
loloolish,1
theyx99ll,1
oppression,1
grassinghe,1
biggest,1
farmshe,1
practicing,1
confused,1
generationot,1
ugm/ipob,1
prosecution,1
whatsoever,1
cleans,1
highest,1
orderaw,1
akunyili,1
ecession2tarvation3erdsmen,1
trucks/goods,1
ondoe,1
issueot,1
proetecting,1
environment,1
threatsf,1
problemerdsmen,1
x9cstray,1
cattlex9d,1
gir,1
hideouts,1
bullyin,1
yourself,1
feeds,1
profit,1
herdsmen/bokoharam,1
justic,1
whoever,1
ord,1
thoughts,1
tinubu/mc,1
banditsboko,1
haramiswapamp,1
setup,1
produce,1
potatoes,1
as,1
farmingwho,1
external,1
bodies,1
helpi,1
especi,1
pack,1
shelter,1
embassy,1
returning,1
ehaamufu,1
opkofu,1
ogbate,1
boarder,1
citiesorrible,1
cleanliness,1
liked,1
safetywhile,1
ogunle,1
awake,1
respond,1
hateful,1
radicalized,1
burnt,1
mushrooms,1
genemedti,1
darfurian,1
captain,1
ipobs,1
perpetrate,1
ilicit,1
x84,1
sueso,1
refuses,1
consent,1
spacex84ga,1
believingf,1
compensationyour,1
assigned,1
saheles,1
upstairs,1
superiority,1
compl,1
casualties,1
occur,1
banditsbut,1
constant,1
ipob/ugm,1
kadunaou,1
threatening,1
relocate,1
disturbedfu,1
ortominubu,1
laymanx99s,1
terrorise,1
saving,1
immediate,1
effecte2,1
aturu,1
hench,1
thunder,1
herdsmenarming,1
sweetee,1
pastoraladjectivepasxb7,1
toxb7,1
xcbx88pastxc9x99rxc9x99l1,1
relating,1
composed,1
herdsmena,1
pastora,1
singapore,1
barely,1
bigger,1
somedayeep,1
hoping,1
won't,1
storynvested,1
attack/ethnic,1
waru,1
barbarians,1
youth,1
reacted,1
raila,1
odhinga,1
humanbeing,1
thereby,1
closing,1
remembering,1
xd8xadxd9x85xd9x8axd8xafxd8xaaxd9x8aas,1
dissent,1
oilrich,1
industrial,1
centres,1
folks,1
hausa/fulani,1
studying,1
philosophy,1
theology,1
understan,1
kiling,1
afrotaliban,1
allies,1
contractorsiller,1
themut,1
noted,1
ewuobi,1
ohiefnubu,1
creation,1
wajir,1
server,1
fungua,1
name,1
doubters,1
gullibilityow,1
english,1
soyinka,1
newspaper,1
biafraudsee,1
xa3so,1
tickets,1
showed,1
baxa3se,1
conduct,1
nigeriaerdsmen,1
killingsssu,1
strikesany,1
while,1
ragesi,1
shocked,1
attention,1
gaining,1
x9cx8dxefxb8x8f,1
direct,1
nysc,1
herdsmene,1
feels,1
himince,1
straight,1
god,1
misery,1
escaped,1
falling,1
engine,1
whic,1
rubbishx99m,1
anambraoux99re,1
intensify,1
inflicting,1
sorrow,1
achievementss,1
banditsiswapkiller,1
clogged,1
governmentomeone,1
hundred,1
crops,1
bloodsucking,1
butchering,1
housands,1
nothing2inister,1
sacked,1
~sokapupresident,1
mohammadu,1
'everything,1
arrangement,1
asapnnow,1
herdsmen/insecurity,1
myopic,1
pepertuated,1
stricken,1
himxf0x98x86,1
commerce,1
livingrading,1
twice,1
trading,1
initiativeaba,1
focusdevelop,1
importantthen,1
curtail,1
wickedness,1
thesame,1
indiscriminate,1
increased,1
governmentbacked,1
kidnapp,1
cabinet8,1
medical,1
treatment,1
abroad7,1
strikefeb,1
sc,1
sleepless,1
nights,1
perturbed,1
kingpin,1
releases,1
students,1
babies,1
issueeter,1
represent,1
easte,1
represents,1
sides,1
reallyan,1
herdsmenwith,1
erasurepersecutionand,1
daura,1
patron,1
todaythe,1
votin,1
address,1
sentimentalny,1
lasted,1
backing,1
professor,1
morals,1
allhere,1
unen,1
jizyacultural,1
criticised,1
inflicted,1
suspect,1
fro,1
nigeriaagos,1
robbing,1
pastun,1
organization,1
sallah,1
advice,1
usfter,1
unconcer,1
empathize,1
extraction,1
keeeld,1
expired,1
pouring,1
thisandy,1
freezing,1
obeyed,1
governmente,1
its,1
badhe,1
alaba,1
minding,1
considers,1
tx82xacrrorists,1
kxa1ller,1
bandxa1ts,1
rewards,1
repertrated,1
shock,1
fridayx99s,1
horrendo,1
internally,1
displ,1
tak,1
destroyer,1
xa5xba,1
plateaunot,1
single,1
relatives,1
isl,1
dearwaiting,1
prosecute,1
herdsmenthen,1
leav,1
themgive,1
whilw,1
jokes,1
corruption//hunger//evil,1
silence,1
granite,1
mouthor,1
mauled,1
dow,1
hearing,1
decide,1
insane,1
becau,1
equitable,1
nationot,1
backyards,1
wasting,1
organizations,1
than,1
tattara,1
migini,1
angwan,1
barau,1
area,1
xa3adamumuwhat,1
brics,1
brics=brazil,1
india,1
africainstead,1
reportage,1
killings//first,1
societye2,1
native,1
larger,1
manager,1
enought,1
northe,1
regionrecollect,1
heroine,1
answ,1
clean,1
illegally,1
accumulating,1
publ,1
igboe,1
planted,1
hates,1
followers,1
peopleave,1
preserve,1
cultivate,1
themulani,1
herdsmenas,1
paying,1
denying,1
foreigner,1
presidentno,1
reasonable,1
x98xadx98xadx98xad,1
replies,1
reflection,1
pains,1
lif,1
papao,1
outlive,1
bridge,1
completehope,1
uzoadinma,1
whatoga,1
grandpatron,1
russians,1
europeans,1
crude,1
brunt,1
didnt,1
bettere,1
islam,1
darkness,1
usefulnesswe,1
behave,1
investigative,1
jo,1
peoplehey,1
bitter,1
kill,1
yrold,1
motherthe,1
ye,1
birthday,1
peoplehate,1
generous,1
obidients,1
hitting,1
completeonitsha,1
eastnabaenugu,1
afric,1
involvedyet,1
agberosfulani,1
massacring,1
petroleum,1
dasuki,1
sharing,1
fundany,1
etcustic,1
tolerated,1
cases,1
brimstone,1
heir,1
nightmare,1
obid,1
zoogerians,1
personserdsmen,1
yet,1
uhrobo,1
sturdy,1
strongyour,1
longyour,1
truea,1
beauty,1
view,1
insecuritypovertybigotrymenace,1
herdsmenoil,1
theftetc,1
later,1
losses,1
administratorisdain,1
nig,1
somewhere,1
ourselvesif,1
our,1
x90x84,1
statustinubu,1
odua,1
nigerianshey,1
contractor,1
endless,1
lies,1
dollars,1
refuse,1
ruler,1
themeligion,1
royal,1
familybritish,1
enemye2,1
4/,1
mentell,1
waroko,1
disguised,1
eriously,1
need,1
alltake,1
tri,1
peopleet,1
herdsmenhy,1
style,1
farx92x94,1
easter,1
4uring,1
herdsmenx9cone,1
covid,1
citizens5hen,1
loland,1
ideas,1
voice,1
whatsapp,1
christiansplease,1
announced,1
robbed,1
selves,1
osuigeria,1
slavezher,1
grazing/ranchingnigeri,1
scourge,1
administrat,1
bestow,1
apologise,1
behalf,1
neglecting,1
citizenspeople,1
fishing,1
x8e,1
abductorsneither,1
enslaving,1
peoplexa6this,1
harrowing,1
experiences,1
ak47ki,1
agbebons,1
blocked,1
x98xad,1
opened,1
bro,1
suggest,1
herdsmenif,1
fails,1
arkab,1
x98x92x98x92,1
rehabilitate,1
x94x9cxa5xb4,1
fxc3xaeghting,1
designate,1
nigeriako,1
herdsmenkidnappolice,1
beefing,1
airlift,1
handover,1
second,1
yaribas,1
backhere,1
wherexa6it,1
xa6na,1
am,1
asketin,1
shagamuverybody,1
xe1xbbx8cxccx80yxe1xbbx8dxccx81a,1
brutalize,1
sout,1
problemoker,1
boost,1
closed,1
travelers,1
humanity,1
banditherdsmenkidnapping,1
nigeriaut,1
int,1
shaleast,1
experience,1
classified,1
condolence,1
zarama,1
comm,1
crates,1
commodities,1
salehe,1
coffins,1
indians,1
guerrilla,1
bands,1
rolling,1
numbersin,1
green,1
vineamassing,1
warfare,1
innocentherdsmen,1
jdm,1
hasty,1
motiva,1
burial,1
weekend,1
areasopc,1
y'alle2,1
janjaweed/,1
fact,1
terrorize,1
ipob,1
farmake,1
votese,1
coun,1
northde,1
arindin,1
oshi,1
festival,1
celebrations,1
replace,1
happily,1
x98x82x98x81,1
alailopolo,1
nuerdsmen,1
ampnot,1
forgivenessvatsa,1
senselesssame,1
permanently,1
resolved,1
certificate,1
forger,1
funds,1
bought,1
lac,1
nigeriana,1
suppression,1
trueerdsmen,1
crimerove,1
autopilot,1
criminalspob,1
ipobnd,1
crashing,1
themoon,1
those,1
doesn,1
evacuating,1
demand,1
x98x9e,1
crazell,1
vagabonds,1
eulogize,1
ronu,1
berbecue,1
aloudx99m,1
envisaging,1
volunteer,1
missionary,1
governing,1
unle,1
weight,1
lawnnone,1
alivefulani,1
futures,1
tomorrowfulani,1
pregnant,1
settin,1
terroristherdsmen,1
wartorn,1
eriri,1
unionists,1
ins,1
dayulani,1
late,1
infiltrator,1
finland,1
worster,1
endx98x82x98x82x98x82x98x82,1
worsender,1
jonath,1
tinubuy,1
latee2,1
lmfao,1
ridiculously,1
devaluing,1
keeps,1
herdsmenndi,1
revealing,1
signs,1
damnation,1
sensefter,1
gunmenhey,1
hired,1
plant,1
x8dxefxb8x8fthis,1
countryhen,1
often,1
mourns,1
murders,1
becoming,1
x9axab,1
engagement,1
gambia,1
almajiriherdsmen,1
x94benue,1
tinubux99s,1
interestut,1
surely,1
exclusively,1
naijanews,1
southes,1
decry,1
govtx99sxa0intervention,1
ukraine,1
deathnmore,1
worldnnigeria,1
assassinate,1
'ipob,1
'herdsmen,1
kadunahahhaha,1
dryness,1
kaave,1
brotherhese,1
karamojong,1
starved,1
ugandan,1
locking,1
f/cking,1
personiarhe,1
daoud,1
abdellatif,1
'told,1
suddenly,1
metamorphosed,1
pplegot,1
iswapbhfulani,1
northerner,1
gibberish,1
ladies,1
physique,1
hypocritewe,1
socioreligious,1
bigots/evil,1
politicia,1
mehis,1
obviousl,1
horrific,1
week,1
herdsmenthis,1
cornfirms,1
comparing,1
internal,1
onslaught,1
accepted,1
indeedho,1
ho,1
useful,1
kinsmenask,1
kadunanask,1
ndigboo,1
ancestry,1
janjanweeds,1
pushed,1
brutalla,1
sends,1
mai,1
sayeye,1
motives,1
price,1
forgottenou,1
freedo,1
sarki,1
foolish,1
sehere,1
bot,1
headache,1
letx99s,1
assure,1
inves,1
freisland,1
campina,1
makers,1
dislike,1
tragedy,1
chair,1
elite,1
yearsheir,1
grazin,1
capture,1
significant,1
negative,1
statehe,1
yearshese,1
activist,1
blocking,1
ritua,1
hereet,1
yourselfou,1
talked,1
peop,1
ansura,1
banditsprison,1
doubledigit,1
infla,1
uploaded,1
can',1
ugandans,1
amina,1
teaching,1
lesson,1
ethnoreligious,1
zoning,1
earth,1
judge,1
thismagine,1
laws,1
ful,1
denominator,1
denomi,1
dist,1
pocketsr,1
integrityx99s,1
plagued,1
theft,1
incompetent,1
tribalistic,1
traini,1
askou,1
thisnbecause,1
huntingdon,1
herdsmenour,1
relationship,1
hausas,1
breeding,1
extremism,1
terrorismone,1
easily,1
youni,1
myspace,1
whatamerica,1
nigeriad,1
terriost,1
reintegrated,1
focus,1
southkaduna,1
misfortune,1
domiciled,1
thousandsay,1
baffles,1
abject,1
hungers,1
crowee,1
contrarian,1
hinterlands,1
harbour,1
x9cpe,1
managing,1
critica,1
mohamedhey,1
feeding,1
brothersod,1
jud,1
trea,1
rogue,1
centrally,1
narratives,1
keymo,1
miscarriage,1
literal,1
valueomeone,1
coward,1
sha,1
formally,1
metamorph,1
rapid,1
forceerdsmen,1
unknownour,1
remai,1
rebranding,1
sl,1
dislocated/,1
benuehatx99s,1
ritualists,1
rai,1
suda,1
discussederdsmen,1
massa,1
monsters,1
bigotry,1
muhammad,1
profiled,1
darkest,1
wasted,1
sufferinghunger,1
lolou,1
restraint,1
fu,1
equivalencelodo,1
rabatathere,1
beings,1
beeen,1
fig,1
reference,1
muslims,1
biafrae,1
spies,1
ifxa6you,1
bloodletting,1
extreme,1
nepotism,1
hyperinflation,1
girlxa6you,1
descen,1
haramherdsmen,1
safer,1
peopledid,1
agatu,1
fools,1
warning,1
nigeriago,1
gbagada,1
concerne,1
jobs,1
outlets,1
outlet,1
ter,1
respectively,1
hovering,1
where,1
proof,1
foreverit,1
nigeriaif,1
sapherdsmen,1
cornyou,1
unending,1
killersthe,1
enougho,1
gubernatorialintroduction,1
notes,1
recognised,1
circulation,1
heavy,1
largely,1
milit,1
research,1
sentiment,1
emotion,1
elrufai,1
dreaming,1
ogaremember,1
promised,1
lieirst,1
livestoc,1
revising,1
bypass,1
outside,1
reverse,1
condem,1
nowhettima,1
samen,1
okocha,1
browe,1
rea,1
siding,1
ravaged,1
dawning,1
slowly,1
sirhey,1
magboro,1
sagamu,1
areabadan,1
famil,1
kadunaut,1
finds,1
diffic,1
situated,1
personal,1
flights,1
air,1
gen,1
routes,1
explain,1
billy,1
graham,1
deadlyven,1
day,1
katsinaherdsmen,1
feastx98x8f,1
muslimshey,1
pa,1
kilometres,1
checkpoint,1
poi,1
timebad,1
good,1
killingethnic,1
herdsmenkidnapping,1
activistxe2,1
judgement,1
honestly,1
convince,1
demonposse,1
replaced,1
herdsmenhat,1
thriving,1
company,1
employ,1
loca,1
gravee,1
inactions,1
short,1
nicker,1
christianx9ci,1
adage,1
believed,1
welcoming,1
swallowed,1
questioned,1
bible,1
hungereaded,1
tactical,1
herdsmencultism,1
herdsmenbut,1
once,1
lifex98x82x98x82x98x82,1
pegansthe,1
z,1
sincereere,1
someones,1
peganslmost,1
pegans,1
bearing,1
charms,1
duties,1
incase,1
fckin,1
solid,1
accompanying,1
southeastnthey,1
predictab,1
exhibited,1
rule,1
timid,1
deputy,1
being,1
smarter,1
criminalhe,1
herdsmenx98x92,1
pr,1
innoc,1
kyari,1
missinge,1
prison,1
breakall,1
bu,1
almajiri/druggy,1
attribute,1
statedvance,1
colludes,1
x9cx85xefxb8x8f,1
locked,1
killedtop,1
generalizing,1
ignorance,1
x90x9c,1
praising,1
aren,1
toda,1
tooet,1
shiites,1
receive,1
murderin,1
claime,1
elders,1
numbersstop,1
unjust,1
igboho,1
perceived,1
osinbajokilling,1
eeehow,1
yeswhy,1
lords,1
addicts,1
faceless,1
cowardulani,1
trending,1
discussing,1
winter,1
kadunathe,1
wrecked,1
tbvh,1
noooou,1
herdsmenou,1
doubts,1
gooduhari,1
reignire,1
lolthis,1
groupxa0claims,1
ownetin,1
bayi,1
narcotics,1
resultsn1e,1
herdsmengood,1
them2trife,1
dullness,1
democrazyo,1
ch,1
herdsmenp,1
pyramid,1
disagrees,1
sweetiee2,1
hague,1
humanityhere,1
bet,1
robber,1
myathi,1
played,1
banded,1
sugar,1
increases,1
n5,1
presidiot,1
aguamede,1
forgotten,1
drinking,1
supremee2,1
herdsmenbt,1
ana,1
terroristsulani,1
overcome,1
wex99re,1
ordeals,1
northnbut,1
herdsmen3ot,1
captive4ots,1
blamed,1
disgusting,1
mouthpiece,1
unlicensed,1
herdsmenhow,1
ov,1
ipobjust,1
nameshow,1
haramerdsmen,1
ll,1
noooothose,1
ankole,1
wrestling,1
oldest,1
traditional,1
herdsmenur,1
wrestler,1
visitoree,1
infidels,1
comprehensive,1
they're,1
rules,1
dear,1
married,1
quality,1
stolen,1
lifehis,1
breakingnot,1
fighter,1
havocs,1
metropolis,1
figh,1
lamentations,1
irritate,1
igbosou,1
soludo,1
forming,1
occ,1
come,1
unchalle,1
forc,1
esnip,1
x94xa5,1
x8dxb3oth,1
situations,1
christ,1
inno,1
ak47s,1
bandit/herdsmen,1
bribe,1
melchizedek,1
uphold,1
righthe,1
nxe1xbbx8bgeria,1
threatened,1
widen,1
scope,1
whene,1
yearhe,1
x91xbf,1
herdsmenx98x9dx8fxbc,1
attrocities,1
evils,1
ababoku,1
unborn,1
serve,1
menhis,1
cowardice,1
stinking,1
normal,1
recuse,1
rapingmad,1
feminine,1
absolutely,1
womennstead,1
ogundana,1
leveln6,1
unitswe,1
locals,1
trafficker,1
falsified,1
likely,1
themecall,1
herdsmenprobably,1
noyou,1
appointees,1
gangake,1
showcase,1
bidders,1
defendingna,1
belong,1
peopleolice,1
accomplice,1
arrestedhow,1
curse,1
dearillion,1
barrel,1
comatose,1
blindfulani,1
thou,1
blocks,1
ak47you,1
haramfulanis,1
isw,1
presence,1
white,1
fat,1
assignment,1
ss,1
nc/sw/se,1
salaries,1
pushing,1
same,1
themc2xa0recall,1
benuecedtapril,1
seals,1
drones,1
harampeople,1
oloshi,1
flowing,1
honey,1
leade,1
delear,1
americashettima,1
polarized,1
laden,1
har,1
timenall,1
conversion,1
ratewhat,1
disvalue,1
notewhat,1
endsar,1
ammunition,1
seen,1
emancipationthe,1
likel,1
landsthis,1
anythingt,1
militiaf,1
imposing,1
any1e,1
begging,1
foodou,1
settlement,1
grabbing,1
looming,1
began,1
albashir,1
promise,1
exampleicked,1
soul,1
reducing,1
voting,1
projects,1
completed,1
coins,1
busts,1
writingswe,1
dating,1
nigerhe,1
judiciary,1
brace,1
nigeria4allnigerians,1
yearsit,1
offend,1
offendershe,1
herdsmennthey,1
ruled,1
collude,1
pixpeaks,1
volumes,1
dynamicsnthe,1
staunch,1
defender,1
valley|hero,1
hello,1
haramiswap,1
recrui,1
ba,1
goats,1
goers,1
herdsmenterrorist,1
idiat,1
loldrink,1
urine,1
delete,1
tw,1
peaceso,1
cursed,1
dey,1
mocked,1
erats,1
describes,1
markers,1
n3million,1
identifying,1
tabloid,1
easto,1
igneous,1
rockas,1
imbecilic,1
coalition,1
isboko,1
haramisisansarual,1
qidaiswap,1
postislamic,1
setting,1
amoketunarm,1
'talking,1
disgrace,1
greener,1
why,1
sharia,1
killngs,1
mistake,1
flooring,1
quickly,1
parade,1
biafran,1
most,1
benueampthe,1
citizensou,1
herea,1
knowbenue,1
decisioninubu,1
talki,1
bridgeherdsmen,1
1/750naira,1
lopsided,1
appointments,1
seaml,1
x98x82x98x82be,1
whil,1
companies,1
messing,1
advices,1
waste,1
southsouth,1
xa6hy,1
unprepared,1
lacked,1
empathy,1
realityalso,1
fragile,1
eco,1
inlaw,1
twelve,1
wereythey,1
chaithere,1
abducted,1
cam,1
iswapshould,1
nwannep,1
waves,1
terribly,1
pointhy,1
docile,1
opposite,1
chri,1
peopleuhari,1
exactlyhe,1
nigeriall,1
tried,1
accusations,1
such,1
hearts,1
numbnmakes,1
polic,1
killded,1
nigeriath,1
timeless,1
plunged,1
terroristsy,1
middlebelt,1
egyptiansunlike,1
eve,1
surprised,1
tensionxa0as,1
worryingotice,1
last,1
butchered,1
validating,1
screenshot,1
also,1
terroristhy,1
backlash,1
background,1
gox98x82x98x82,1
issuesnour,1
creatures,1
bravoa,1
cynical,1
aimed,1
settlements,1
particularly,1
takeover,1
displace,1
conflictut,1
dailytrust,1
staffers,1
double,1
'best,1
soonood,1
riddance,1
rubbishiggest,1
beautifulowever,1
killxa0three,1
terroristshey,1
sayinge,1
maim,1
forests,1
weapon,1
cachesslamists,1
laughuna,1
playll,1
una,1
interestingly,1
bigotth,1
visited,1
reintegration,1
oloriburuku,1
conderm,1
kinsman,1
automatically,1
headline,1
herdsmenhis,1
thatxe2,1
cowardsr,1
gran,1
bereaved,1
vot,1
sudanhat,1
code,1
rightcount,1
occupy,1
terorists,1
'there,1
doneerdsmen,1
x9cnigeria,1
hahahax98x82x98x82x98x82x98x82,1
drama,1
focuslease,1
astonished,1
slightest,1
nonchalant,1
socalled,1
cartapillercankerworm,1
apcinectinubububuherdsmeniswapboko,1
arrive,1
memberst,1
jihadis,1
intel,1
childrenx9dthe,1
routinelyused,1
stup1dity,1
politicizedan,1
intelligence,1
enornomus,1
wealth,1
been,1
butuzo,1
bush,1
newany,1
whe,1
neutralised,1
memberare,1
bigots,1
gunned,1
governo,1
pockets,1
valley,1
mbaviya,1
hailing,1
fighti,1
khammond,1
decries,1
zones,1
enclave,1
prinpag,1
vindicates,1
mi,1
zombie,1
wex99ll,1
emerge,1
stronger,1
experienced,1
vanguard,1
journalismi,1
nigerianssudan,1
nasty,1
existthere,1
wars,1
ensued,1
pandemonium,1
harvesting,1
baboon,1
bomber,1
jail,1
soca,1
therefore,1
evacuated,1
cheap,1
drums,1
forbidi,1
videos,1
northou,1
unhappy,1
oil,1
locust,1
westerners,1
kidnappings,1
everywh,1
alert,1
x98we,1
prayers,1
deliverance,1
evilx99fulani,1
gra,1
harram,1
indicates,1
sheard,1
slaves,1
shutting,1
kinsmenx,1
againarmed,1
economically,1
induced,1
admit,1
poultry,1
somebody,1
bigottop,1
winmocracy,1
grown,1
depended,1
survive,1
reared,1
firstalking,1
export,1
relate,1
x92x94lost,1
bestie,1
unclen,1
eating,1
beef,1
integrated,1
nationalxe2,1
pmbx99s,1
affliction,1
ofcos,1
x98x82x98x82people,1
divide,1
continually,1
guidelines,1
kinsmenu,1
onl,1
youfocus,1
anditsoko,1
celebra,1
nwaoru,1
mohammad,1
radio,1
billionaires,1
provide,1
david,1
documents,1
bxc3xa8hxc3xa8ad,1
shelves,1
nigeriax99s,1
unity,1
voicehaneze,1
opp,1
anyhow,1
amidst,1
broad,1
wrongowever,1
continent,1
relationships,1
proudremember,1
ighoho,1
coups,1
northernersbandits,1
boysx91x89x8fxbe,1
baddies,1
olosh,1
truef,1
forgivenessut,1
indorse,1
participating,1
x92xb0ulani,1
farmerslick,1
gtgtgt,1
ekpat,1
espe,1
abeggg,1
eac,1
asari,1
dokubo,1
slave,1
servant,1
rears,1
intangible,1
tangible,1
projec,1
central,1
quitting,1
pooroo,1
yahoo,1
banditsx91x89x8fxbe,1
nax91x89x8fxbe,1
condemns,1
movement,1
informa,1
project,1
nicknamed,1
commissioning,1
peeps,1
accounts,1
pm,1
herdsmeno,1
nickna,1
herdsmennour,1
necessaryvery,1
smell,1
con,1
eighteen,1
ix99ll,1
then,1
belongs,1
herdsmenes,1
marauders,1
wre,1
quietly,1
evict,1
markurdi,1
factors,1
destroyingabout,1
secessionist,1
ritual,1
ranches,1
micr,1
policy,1
document,1
lacks,1
inclusivity,1
surprisingly,1
selecthe,1
towns,1
b/haram,1
iswapnd,1
adherentshese,1
sympathy,1
againit,1
freelyherdsmen,1
spons,1
dining,1
herdsmenery,1
knocking,1
explains,1
stil,1
compound,1
holding,1
considering,1
various,1
communitiesettling,1
concomitants,1
endorsing,1
thread,1
along,1
yearsaccording,1
anoda,1
thingid,1
heritage,1
oppose,1
imperialism,1
crystal,1
scene,1
scares,1
written,1
delivered,1
rep,1
sermon,1
oncen,1
christianity,1
indications,1
ongoing,1
kadun,1
profiling,1
dengerous,1
enjoyed,1
younger,1
circumstances,1
dimka,1
placell,1
losers,1
humanly,1
sentiments,1
strict,1
compliance,1
visas,1
entry,1
shows,1
discipli,1
itore,1
poorer,1
relocating,1
civic,1
dutyandits,1
instances,1
shelvedspecially,1
commoners,1
murderednnigeria,1
moved,1
onnthey,1
oinside,1
demdemnjust,1
pushers,1
caste,1
rearing,1
catt,1
legions,1
extre,1
boundaryhey,1
sponsorsor,1
fo,1
efore,1
timenherdsmen,1
municipality,1
kapodra,1
areahe,1
municip,1
ekiti,1
fair,1
iswapt,1
recognized,1
globally,1
wicked,1
directlyyou,1
moreyour,1
kinds,1
x8dx82xefxb8x8fo,1
shadesx8f,1
lhaba,1
cering,1
professional,1
cooperative,1
suicide,1
hospi,1
kidnappin,1
plead,1
possible,1
x9cigbo,1
catholic,1
reallysorry,1
wer,1
corruptionoilscampopulationtribalismnigerian,1
prince,1
scamnigerian,1
foodnigerians,1
graduated,1
flying,1
col,1
kadunawe,1
lifelove,1
knifeknew,1
semen,1
herdsmenthe,1
she,1
internet,1
celebrity,1
wellheir,1
kenya,1
x87xb0x87xaa,1
x98x82x8fxbbx8dx82xefxb8x8fx98x82,1
anymoreagberoism,1
anymorena,1
sou,1
x98x92x98x92x98x92,1
guard,1
criminalizes,1
yethowever,1
assyrians,1
bishop,1
cries,1
fairf0xb7x8fxbex8dx82xefxb8x8f,1
lease,1
solution,1
jailed,1
turkana,1
entered,1
x9cnigerians,1
toleratex9d,1
fromhis,1
egyptians,1
assist,1
survived,1
actual,1
aftermath,1
judeans,1
however,1
amo,1
decimate,1
eatbut,1
shitsherdsmen,1
ebonyi,1
properly,1
peddlerx9d,1
herdsmenx9d,1
anime,1
ignorant,1
arrogant,1
sorry,1
shallow,1
reasoning,1
withdraw,1
youueho,1
wie,1
hearx98x82,1
endorseincl,1
x9cxa6they,1
civilised,1
neolithic,1
ploughmen,1
abinyways,1
bonny,1
peoplex98x85x98x85x98x85,1
cross,1
salt,1
cowards,1
comfirm,1
terroristll,1
wound,1
praying,1
cartel,1
presidenthow,1
illitrate,1
x8dx82xefxb8x8fx8dx82xefxb8x8f,1
muhima,1
seizing,1
aggressiontrue,1
xa1nfidel,1
xa1dxa10t,1
cease,1
biafra/ipobou,1
beneath,1
foreve,1
freq,1
index,1
par,1
abroad,1
landut,1
fightersany,1
arabs,1
bashir,1
workout,1
kwara,1
ansaru,1
hezbollah,1
shabab,1
hamas,1
queida,1
janj,1
shehu,1
shook,1
lotsme,1
brings,1
mak,1
manifestating,1
removing,1
freelywith,1
refinery,1
producing,1
bunch,1
spirit,1
dignity,1
rifles,1
pigrth,1
di,1
ironyonly,1
emefielvirus,1
unprofessional,1
reas,1
lpob/esn,1
onyendu,1
produceni,1
cassa,1
wisdom,1
x9csilos,1
missiles,1
feedx9d,1
discuss,1
truthost,1
ou,1
farmlandsraping,1
peoplehat,1
xa3just,1
finances,1
arewaour,1
mine,1
clever,1
usele,1
cunning,1
match,1
obire,1
organisation,1
freelyth,1
adesina,1
delusions,1
continuous,1
grandeur,1
faction,1
fault,1
harassed,1
extort,1
allown,1
schools,1
drilled,1
mentally,1
quart,1
inte,1
intercenine,1
amongst,1
nativesivampidoma,1
severely,1
extr,1
sondelta,1
sayi,1
solve,1
herdsmenxe2x9cbagos,1
attempt,1
breach,1
fundamental,1
x98x82x82,1
rebranded,1
kanue,1
discharged,1
acquittedthe,1
amazingyou,1
anybodybut,1
haram/herdsmenis,1
amazing,1
benueremoval,1
recipe,1
fasorantis,1
tinibu,1
tweeting,1
pridedamawa,1
hotyou,1
pursued,1
brutality/,1
weren,1
okokoo,1
chevron,1
vishnu,1
apa,1
makin,1
herdsmenare,1
stvpidor,1
tracebut,1
robbery,1
shouldhat,1
untraceable,1
carried,1
hijacked,1
epaulettes,1
nownxe1xbbxa4mxe1xbbxa5,1
wantonlya,1
escaping,1
iswapherdsmenboko,1
haramugm,1
cou,1
regarding,1
nowust,1
lawabiding,1
capping,1
alayeo,1
xa5xb4,1
dealing,1
ediot,1
ga~nga,1
elect,1
urselves,1
x98x82bandit,1
insist,1
allocatio,1
border,1
townsthe,1
expressed,1
worr,1
x98x82x98x82x98x82x98x82x98x82x98x82x98x82,1
grief,1
organizatio,1
crimesou,1
cyberbully,1
ballot,1
snatchers,1
hoodlums,1
hooligans,1
manwhere,1
bullies,1
girlsbunch,1
toothless,1
beasts,1
churchill,1
x9cfrom,1
x98killer,1
marred,1
seriouslections,1
banditsherdsmenboko,1
effortspecially,1
hardly,1
notice,1
him,1
suggested,1
negotiate,1
mayhem,1
xa1xa1xa1,1
many,1
x98sneaked,1
intoxa0state,1
didn',1
himeidti,1
intentional,1
tapped,1
livelihood,1
resource,1
commissioneo,1
prosecutedboko,1
confessing,1
tooweyrey,1
reveal,1
konwe,1
motivat,1
confessiono,1
emerged,1
deity,1
throwing,1
herdsmenuhari,1
channels,1
attackstop,1
nodey,1
shekau,1
bastards,1
breathing,1
spacehy,1
obsessed,1
igbosif,1
nightell,1
plans,1
wey,1
untraceableand,1
toolet,1
bandits/fulani,1
x8cxbd,1
fused,1
harams,1
desert,1
expresswayshame,1
esn/ipob,1
daynstead,1
march,1
mandate,1
nowx91x87x91x87,1
x92x94,1
herdsmenwhat,1
genuhari,1
tracinghese,1
plotter,1
supporter,1
untold,1
hard,1
wowthere,1
presidenti,1
improvement,1
killsxa015,1
nursing,1
flexing,1
blo,1
uselesse2,1
notorious,1
tracked,1
killinh,1
igb,1
disturbing,1
stretch,1
fingers,1
nonsenseare,1
satiating,1
bloodlust,1
usual,1
committe,1
christmas,1
govern,1
inspiration,1
commanding,1
harmless,1
kllxa3r,1
herdsmenn,1
abo,1
drove,1
raids,1
elitedo,1
wise,1
dairy,1
calfx99s,1
moth,1
desperate,1
leeching,1
parasiting,1
alimajar,1
lounge,1
2ince,1
collaborated,1
insurgency,1
buh,1
consider,1
lightening,1
egregious,1
reddy,1
drawing,1
experie,1
authoritiesi,1
lessons,1
theirsfool,1
acted,1
corrupted,1
everythingex99s,1
debura,1
elder,1
mcoluomo,1
tooth,1
pick,1
airpeace,1
igboyet,1
offer,1
liarndivisive,1
batists,1
destructive,1
people1pc,1
wes,1
oluomodeborah,1
killerkiller,1
herdsmenbokoharamall,1
sbiding,1
scaredherdsmen,1
scaredarmed,1
scaredgovt,1
jpegs,1
responding,1
tantrums,1
x98xadx98xadx98xadx98xadx98xad,1
comingif,1
jihadists,1
theregu,1
cleric,1
abubakar,1
abdullahi,1
mosque,1
lampard,1
x9d,1
addressing,1
yankeeith,1
exception,1
cells,1
governmenttate,1
yorubaland,1
centre,1
calamityfulani,1
governorsimon,1
lalongumahisupreme,1
uzodimma,1
trained,1
menfulani,1
protest,1
road,1
fixed,1
hungry,1
sahel,1
intelligent,1
articulate,1
offi,1
lie,1
injury,1
patientthe,1
rejected,1
deliver,1
promises,1
gave,1
infrastructures,1
follows,1
barracks,1
barracksamptations,1
ruthless,1
couldn,1
godour,1
invention,1
ancient,1
southndo,1
proscribing,1
alimajiris,1
youthou,1
territory,1
occurn,1
provides,1
epistle,1
onesoon,1
balance,1
'visit,1
foreign,1
kshatriyaafrigt,1
atriafargt,1
ahar/aher/ahir/ayar/afarnear,1
rajsthan,1
cooking,1
x98x80same,1
ikpeazu,1
blindfolded,1
stateshat,1
safety,1
transit,1
grounds,1
expressways,1
xab,1
unnecessary,1
propagandagbos,1
herdsmenwhy,1
terroristsarmed,1
lling,1
peoplewhat,1
wronghaba,1
todayx99s,1
miners,1
d1otic,1
postre,1
keyword,1
house,1
defense,1
colour,1
looted,1
bec,1
joined,1
dividebetter,1
sirx8fx8fxbe,1
statearmers,1
lynched,1
vil,1
weekr,1
bright,1
futureool,1
minethere,1
foolishou,1
harbouring,1
worriedo,1
extradition,1
herdsmen/terrorists,1
inxa0bayelsa,1
according,1
rigved,1
panchjanya/panch,1
kshatriya/panch,1
nand,1
haramon,1
accommodate,1
othey,1
civilian,1
statee,1
kidn,1
nose,1
herdsmenncoward,1
tracking,1
via,1
allegedly,1
displaces,1
bandits/terrorists,1
s/kaduna,1
tarawa,1
ad,1
truthxa3no,1
bleedth,1
mscheww,1
radicalising,1
triggering,1
x98x85,1
again,1
ladun,1
liadi,1
haram/herdsmen,1
clearing,1
forwarding,1
crazy,1
apparentlyrom,1
underrate,1
simple,1
amon,1
settled,1
thiev,1
enuguowobenue,1
enables,1
perpetuate,1
acts,1
atleast,1
repair,1
hospital,1
clanmates,1
abraham,1
1x935y,1
bethel,1
disrupted,1
upg,1
louts,1
paygrade,1
comi,1
x98x82x98x82x98x82x98x82,1
threatyou,1
fbiwhy,1
politicsna,1
godshow,1
maimed,1
voters,1
unusual,1
treason,1
physical,1
disheartening,1
weather,1
ilorin,1
tired,1
passed,1
selfx98x82common,1
newspapers,1
abokis,1
panic,1
othersxa0some,1
x98xb4x98xb4x98xb4i,1
fulanialmost,1
experiencin,1
sudden,1
values,1
accurate,1
juicy,1
positionsand,1
dignifying,1
himho,1
pinch,1
cake,1
powerline,1
necknkeep,1
apcbacked,1
'd,1
till,1
x92x94x98xa2ow,1
prophets,1
resurgence,1
sympathizers,1
device,1
nassarawa,1
farmigeria,1
institution,1
welldone,1
mricker,1
sehow,1
ano,1
opportunist,1
faults,1
attacksxa0,1
spoke,1
protects,1
icymiampnbspislamic,1
charles,1
segun,1
x8cx8dcommander,1
trad,1
corps,1
termed,1
remind,1
foolsn,1
appointed,1
attackshis,1
nigeriah,1
badoo,1
london,1
putting,1
narration,1
snakes,1
monkeys,1
firetrucks,1
cutting,1
accountant,1
commission,1
frame,1
discussion,1
etcreate,1
mor,1
headlines,1
x98x86x98,1
lolmay,1
hides,1
tacticsxbf,1
tactics,1
fathers,1
hahaha,1
deari,1
tweetrrest,1
da,1
palliative,1
lekkihould,1
reels,1
everybodynas,1
recmc,1
twit,1
deliberatelyt,1
unchecked,1
scammed,1
foole,1
clowns,1
statenter,1
warri,1
islamabad,1
herdsmenivide,1
busine,1
downidnappers,1
herdsmennd,1
williams,1
inherit,1
egbon,1
ondoayetoroond,1
angle,1
off,1
lolso,1
decendant,1
century,1
advent,1
girlsdeborah,1
murderersfunsho,1
'gangs,1
aroundigeria,1
faiths,1
deep,1
unleash,1
sethey,1
supona,1
aerosol,1
effective,1
appear,1
resume,1
lawyet,1
releasing,1
translate,1
throughour,1
addresskidnappers,1
addressmc,1
addresswicked,1
cleve,1
tunubu,1
enjoying,1
agendand,1
despicable,1
acceleration,1
ineptness,1
benueerdsmen,1
nknown,1
ngrowing,1
tragic,1
militarize,1
milking,1
playou,1
herdsmenit,1
results,1
ceded,1
bokoharram,1
beloved,1
integrityhe,1
transparent,1
completely,1
obvious,1
section,1
forbids,1
arresting,1
reflec,1
determined,1
myatti,1
initiating,1
antidemocry,1
instance,1
knowing,1
configured,1
lo,1
little,1
taste,1
appreciate,1
wards,1
establish,1
oh,1
ehhnhave,1
travelling,1
englishxae,1
scenarios,1
hatexa6this,1
compared,1
angelsens,1
high,1
4060,1
ng/ml,1
masai,1
glory,1
southhe,1
germanicave,1
petloversritish,1
islesainly,1
celtic,1
preceltice,1
fuel,1
fraud,1
wickedboko,1
korofo,1
usaun,1
violations,1
unmitigated,1
disaster,1
marks,1
igbophobiagen,1
tribalismcivil,1
embroiled,1
trainrailwayampkidnap,1
workerso,1
primarily,1
disinterest,1
termortherners,1
laughable,1
mara,1
legaciesnbandit,1
gained,1
baseampfree,1
colleaguesbandit,1
destroyd,1
attract,1
queen,1
agricultural,1
value,1
chain,1
statesnbenue,1
smiling,1
terroristtop,1
misleading,1
beltcous,1
complicit,1
whereabouts,1
banditsunknown,1
forever,1
eventa,1
dancoteo,1
indicated,1
dabiri,1
exposed,1
herdmlsmen,1
farme,1
mayerdsmen,1
aggressively,1
settling,1
therehe,1
jabal,1
injustce,1
bandtsthey,1
turban,1
coronated,1
someyou,1
insurgent,1
nigeriawhere,1
unemployment,1
health,1
department,1
services,1
certain,1
colours,1
analogy,1
fut,1
miserable,1
abike,1
active,1
marwa,1
x94ow,1
somehownigerians,1
confront,1
onslaughto,1
gainsaying,1
behi,1
breakingx92xafroad,1
somalia,1
sudanx92xafthey,1
founder,1
195mabt,1
n156tr,1
invest,1
choiceuba,1
combat,1
senator,1
warned,1
listening,1
music,1
herders/farmers,1
indabosky,1
muric,1
eeeaybe,1
private,1
ahead,1
plane,1
crashes,1
trader,1
tracego,1
medias,1
rescuethey,1
judicial,1
aided,1
abetted,1
war,1
banditar,1
breakingnfresh,1
soldiere2,1
abroadhe,1
emboldened,1
calltop,1
youhat,1
childish,1
helpless,1
abioga,1
gullibles,1
mediahat,1
herdsmenfarmers,1
clamoured,1
govt,1
corner,1
undaunted,1
thisx91x87farmer,1
crisiswhere,1
clashing,1
thier,1
themthen,1
early,1
irony,1
ritualist,1
elector,1
fallen,1
collecting,1
invisible,1
x91x8fx91x8fx91x8f,1
daymh,1
fellows,1
nowcan,1
herdsmenbridge,1
witnessedwh,1
ja,1
secure,1
peoplee2,1
olumo,1
fulians,1
alumo,1
laughing,1
kanuwait,1
extinguish,1
farm,1
judges,1
beltanse2,1
cow,1
kad,1
everincreasing,1
attempting,1
ussa,1
lost,1
jiha,1
immediately,1
turenchipls,1
prompt,1
arise,1
knife,1
productive,1
multiplied,1
ansar,1
countrykidnappers,1
roadsfulani,1
herdsmenumg,1
et,1
marvelous,1
combating,1
deser,1
mrdesina,1
otile,1
giulani,1
benueour,1
northernershese,1
bornu,1
lmaoome,1
page,1
iswapboko,1
big0t,1
x9cbenefittedx9d,1
dislodge,1
indegenous,1
flashupdate9,1
shameless,1
xa1buhari,1
trusts,1
cowx90x84,1
banditsot,1
worships,1
burntout,1
friday,1
osibajo,1
know,1
bello,1
turj,1
lamented,1
olumuyiwa,1
handle,1
etceally,1
includes,1
wo,1
2018,1
cappinga,1
erectioniller,1
reallywhat,1
masxc4x83cr,1
terrxc3xb8rists,1
custodyworld,1
disturbances,1
cal,1
'fulani,1
presently,1
replicating,1
nooks,1
crannie,1
nasara,1
giant,1
fraudulent,1
leadersll,1
predicted,1
befalls,1
negligence,1
criticize,1
rampaging,1
ravages,1
comedian,1
convenient,1
daredevil,1
popu,1
mixolumia,1
approved,1
nintendo,1
switch,1
liehere,1
miyatti,1
quote,1
centuryfter,1
condolences,1
wasn',1
regards,1
effect,1
sire,1
groupswe,1
backyardhat,1
youxe2,1
representing,1
himselfhen,1
joke,1
etcow,1
res,1
crabbing,1
soldiernothing,1
tooat,1
payin,1
courage,1
defenceless,1
pickeryet,1
vices,1
roaming,1
arrestedx98x82x98x82x98x82x98x82,1
impostor,1
download,1
console,1
cowboys,1
opposition,1
omitsha,1
intimidating,1
camped,1
stopped,1
average,1
mind,1
transformed,1
oriented,1
militarythe,1
brethren,1
youyou,1
thinks,1
dilemmano,1
attitude,1
nowhereigeria,1
scenehat,1
goin,1
rockumus,1
plentye2,1
words,1
click,1
/4/23,1
politiciansohanezes,1
sabos,1
herdsmenwe,1
wrecking,1
hand,1
ogogoro,1
correction,1
clashesnthe,1
slackx94,1
style/herdsmen,1
stylex98x8f,1
handles,1
abused,1
defamedhow,1
haramhow,1
tra,1
wowwhat,1
peoplenpdp,1
bloodthirsty,1
respected,1
henc,1
fabrics,1
hol,1
invented,1
goodluck,1
rocke,1
succeeded,1
killinghey,1
sleep,1
callee,1
farmersherders,1
